movie_title,title_year,gross,budget,profit,genres,plot_keywords,content_rating,duration,color,country,language,imdb_score,num_user_for_reviews,num_voted_users,num_critic_for_reviews,director_name,director_facebook_likes,actor_1_name,actor_1_facebook_likes,actor_2_name,actor_2_facebook_likes,actor_3_name,actor_3_facebook_likes,cast_total_facebook_likes,movie_facebook_likes,facenumber_in_poster,aspect_ratio,movie_imdb_link
Joyful Noise ,2012.0,30920167.0,25000000.0,5920167.0,Comedy|Music,bare chested male|chips|two word title,PG-13,118.0,Color,USA,English,5.7,71.0,6476.0,98.0,Todd Graff,650.0,Dolly Parton,1000.0,Jeremy Jordan,773.0,Jesse L. Martin,715.0,3389.0,0.0,4.0,2.35,http://www.imdb.com/title/tt1710396/?ref_=fn_tt_tt_1
The Invention of Lying ,2009.0,18439082.0,18500000.0,-60918.0,Comedy|Fantasy|Romance,genetics|heaven|lie|screenwriter|truth,PG-13,100.0,Color,USA,English,6.4,287.0,94292.0,192.0,Ricky Gervais,0.0,Jennifer Garner,3000.0,Tina Fey,2000.0,Martin Starr,985.0,7252.0,13000.0,3.0,1.85,http://www.imdb.com/title/tt1058017/?ref_=fn_tt_tt_1
How the Grinch Stole Christmas ,2000.0,260031035.0,123000000.0,137031035.0,Comedy|Family|Fantasy,box office hit|christmas|materialism|public humiliation|snowflake,PG,110.0,Color,USA,English,6.0,482.0,141414.0,175.0,Ron Howard,2000.0,Clint Howard,1000.0,T.J. Thyne,722.0,Molly Shannon,636.0,4146.0,0.0,0.0,1.85,http://www.imdb.com/title/tt0170016/?ref_=fn_tt_tt_1
If I Stay ,2014.0,50461335.0,11000000.0,39461335.0,Drama|Fantasy|Music|Romance,car accident|coma|out of body experience|reference to the exploited|teenage girl,PG-13,107.0,Color,USA,English,6.8,132.0,83893.0,141.0,R.J. Cutler,15.0,Chloë Grace Moretz,17000.0,Mireille Enos,1000.0,Stacy Keach,602.0,20466.0,15000.0,3.0,2.35,http://www.imdb.com/title/tt1355630/?ref_=fn_tt_tt_1
The Losers ,2010.0,23527955.0,25000000.0,-1472045.0,Action|Crime|Drama|Mystery|Thriller,hacking|hijacking|martial arts|revenge|special forces,PG-13,97.0,Color,USA,English,6.4,165.0,74691.0,213.0,Sylvain White,41.0,Chris Evans,11000.0,Jason Patric,673.0,Óscar Jaenada,619.0,12841.0,0.0,1.0,2.35,http://www.imdb.com/title/tt0480255/?ref_=fn_tt_tt_1
Not Easily Broken ,2009.0,10572742.0,8000000.0,2572742.0,Drama|Romance,african american protagonist|based on novel|title spoken by character,PG-13,99.0,Color,USA,English,6.1,21.0,2326.0,45.0,Bill Duke,1000.0,Eddie Cibrian,849.0,Jenifer Lewis,578.0,Wood Harris,409.0,2269.0,738.0,1.0,1.85,http://www.imdb.com/title/tt0795438/?ref_=fn_tt_tt_1
Lonesome Jim ,2005.0,154077.0,500000.0,-345923.0,Comedy|Drama,bail|coma|dart board|indiana|ladder factory,R,91.0,Color,USA,English,6.6,53.0,6884.0,81.0,Steve Buscemi,12000.0,Kevin Corrigan,778.0,Seymour Cassel,327.0,Mary Kay Place,213.0,1440.0,238.0,0.0,1.85,http://www.imdb.com/title/tt0385056/?ref_=fn_tt_tt_1
Miracle at St. Anna ,2008.0,7916887.0,45000000.0,-37083113.0,Action|Crime|Drama|Thriller|War,boy|german soldier|partisan|trapped|village,R,160.0,Color,USA,English,6.0,182.0,15697.0,158.0,Spike Lee,0.0,Joseph Gordon-Levitt,23000.0,Omari Hardwick,1000.0,Laz Alonso,826.0,26982.0,0.0,0.0,2.35,http://www.imdb.com/title/tt1046997/?ref_=fn_tt_tt_1
Anacondas: The Hunt for the Blood Orchid ,2004.0,31526393.0,25000000.0,6526393.0,Action|Adventure|Horror|Thriller,anaconda|blood|borneo|flower|orchid,PG-13,97.0,Color,USA,English,4.6,144.0,22243.0,94.0,Dwight H. Little,27.0,Nicholas Gonzalez,601.0,Salli Richardson-Whitfield,543.0,Johnny Messner,522.0,2730.0,686.0,0.0,2.35,http://www.imdb.com/title/tt0366174/?ref_=fn_tt_tt_1
Night at the Museum ,2006.0,250863268.0,110000000.0,140863268.0,Action|Adventure|Comedy|Family|Fantasy,chaos|museum|museum of natural history|night watchman|watchman,PG,108.0,Color,USA,English,6.4,444.0,234480.0,179.0,Shawn Levy,189.0,Robin Williams,49000.0,Rami Malek,3000.0,Steve Coogan,1000.0,55486.0,3000.0,2.0,1.85,http://www.imdb.com/title/tt0477347/?ref_=fn_tt_tt_1
Woman on Top ,2000.0,5018450.0,8000000.0,-2981550.0,Comedy|Fantasy|Romance,cross dresser|food|friend|motion sickness|restaurant,R,92.0,Color,USA,English,5.3,86.0,8546.0,72.0,Fina Torres,26.0,Harold Perrineau,1000.0,John de Lancie,905.0,Mark Feuerstein,417.0,2687.0,859.0,0.0,2.35,http://www.imdb.com/title/tt0206420/?ref_=fn_tt_tt_1
Napoleon Dynamite ,2004.0,44540956.0,400000.0,44140956.0,Comedy,class president|family relationships|friend|high school|jock,PG,92.0,Color,USA,English,6.9,1473.0,161448.0,220.0,Jared Hess,100.0,Jon Heder,970.0,Diedrich Bader,759.0,Jon Gries,482.0,3950.0,0.0,0.0,1.85,http://www.imdb.com/title/tt0374900/?ref_=fn_tt_tt_1
Miss March ,2009.0,4542775.0,6000000.0,-1457225.0,Comedy|Romance,fellatio|hugh hefner|oral sex|playboy centerfold|topless female nudity,R,90.0,Color,USA,English,5.1,73.0,18313.0,76.0,Zach Cregger,138.0,Hugh M. Hefner,373.0,Windell Middlebrooks,308.0,Raquel Alessi,263.0,1831.0,985.0,2.0,1.85,http://www.imdb.com/title/tt1151922/?ref_=fn_tt_tt_1
Sky High ,2005.0,63939454.0,35000000.0,28939454.0,Adventure|Comedy|Family|Sci-Fi,coming of age|friend|high school|sidekick|superpower,PG,100.0,Color,USA,English,6.2,217.0,61321.0,127.0,Mike Mitchell,31.0,Michael Angarano,947.0,Kelly Preston,742.0,Nicholas Braun,591.0,2968.0,0.0,3.0,2.35,http://www.imdb.com/title/tt0405325/?ref_=fn_tt_tt_1
Sky Captain and the World of Tomorrow ,2004.0,37760080.0,70000000.0,-32239920.0,Action|Adventure|Mystery|Sci-Fi|Thriller,captain|pilot|reporter|robot|scientist,PG,106.0,Color,USA,English,6.1,618.0,72868.0,197.0,Kerry Conran,14.0,Angelina Jolie Pitt,11000.0,Laurence Olivier,1000.0,Bai Ling,582.0,12871.0,0.0,2.0,1.85,http://www.imdb.com/title/tt0346156/?ref_=fn_tt_tt_1
Wrong Turn ,2003.0,15417771.0,12600000.0,2817771.0,Horror|Thriller,forest|mountain|road|stupid victim|west virginia,R,84.0,Color,USA,English,6.1,540.0,87494.0,191.0,Rob Schmidt,36.0,Kevin Zegers,2000.0,Lindy Booth,683.0,Julian Richings,648.0,3416.0,0.0,1.0,1.85,http://www.imdb.com/title/tt0295700/?ref_=fn_tt_tt_1
Cursed ,2005.0,19294901.0,35000000.0,-15705099.0,Comedy|Horror,creature|death|party|rescue|werewolf,PG-13,99.0,Color,USA,English,5.0,325.0,26126.0,158.0,Wes Craven,0.0,Shannon Elizabeth,1000.0,Portia de Rossi,573.0,Derek Mears,520.0,2535.0,0.0,0.0,2.35,http://www.imdb.com/title/tt0257516/?ref_=fn_tt_tt_1
Toy Story 3 ,2010.0,414984497.0,200000000.0,214984497.0,Adventure|Animation|Comedy|Family|Fantasy,college|day care|escape|teddy bear|toy,G,103.0,Color,USA,English,8.3,733.0,544884.0,453.0,Lee Unkrich,125.0,Tom Hanks,15000.0,John Ratzenberger,1000.0,Don Rickles,721.0,19085.0,30000.0,3.0,1.85,http://www.imdb.com/title/tt0435761/?ref_=fn_tt_tt_1
Iron Man ,2008.0,318298180.0,140000000.0,178298180.0,Action|Adventure|Sci-Fi,afghanistan|billionaire|inventor|playboy|u.s. air force,PG-13,126.0,Color,USA,English,7.9,1055.0,696338.0,486.0,Jon Favreau,4000.0,Robert Downey Jr.,21000.0,Jeff Bridges,12000.0,Jon Favreau,4000.0,39252.0,10000.0,3.0,2.35,http://www.imdb.com/title/tt0371746/?ref_=fn_tt_tt_1
Thirteen Conversations About One Thing ,2001.0,3287435.0,4500000.0,-1212565.0,Drama,attorney|happiness|house cleaner|physics|professor,R,104.0,Color,USA,English,7.1,115.0,8603.0,79.0,Jill Sprecher,11.0,Matthew McConaughey,11000.0,Rob McElhenney,813.0,Amy Irving,194.0,12250.0,430.0,2.0,1.85,http://www.imdb.com/title/tt0268690/?ref_=fn_tt_tt_1
Ghostbusters ,2016.0,118099659.0,144000000.0,-25900341.0,Action|Comedy|Fantasy|Sci-Fi,ghost|ghostbuster|ghostbusters|male objectification|reboot,PG-13,116.0,Color,USA,English,5.5,1211.0,69757.0,464.0,Paul Feig,176.0,Ed Begley Jr.,783.0,Kate McKinnon,370.0,Zach Woods,322.0,2097.0,62000.0,4.0,2.35,http://www.imdb.com/title/tt1289401/?ref_=fn_tt_tt_1
DOA: Dead or Alive ,2006.0,480314.0,21000000.0,-20519686.0,Action|Adventure,female fighter|island|martial arts|parachute|tournament,PG-13,87.0,Color,USA,English,4.8,180.0,38503.0,110.0,Corey Yuen,23.0,Steve Howey,826.0,Holly Valance,816.0,Sarah Carter,748.0,4473.0,0.0,4.0,2.35,http://www.imdb.com/title/tt0398913/?ref_=fn_tt_tt_1
You Again ,2010.0,25677801.0,20000000.0,5677801.0,Comedy|Family|Romance,dancing|dog|flight|hostility|travel,PG,105.0,Color,USA,English,5.8,136.0,41273.0,91.0,Andy Fickman,99.0,Jamie Lee Curtis,2000.0,James Wolk,938.0,Christine Lakin,518.0,4813.0,0.0,6.0,2.35,http://www.imdb.com/title/tt1414382/?ref_=fn_tt_tt_1
Chicago ,2002.0,170684505.0,45000000.0,125684505.0,Comedy|Crime|Musical,fame|jail|jazz age|murder|vaudeville,PG-13,113.0, Black and White,USA,English,7.2,1017.0,172080.0,223.0,Rob Marshall,252.0,Colm Feore,539.0,Chita Rivera,151.0,Jayne Eastwood,90.0,813.0,0.0,0.0,1.85,http://www.imdb.com/title/tt0299658/?ref_=fn_tt_tt_1
An American Carol ,2008.0,7001720.0,12000000.0,-4998280.0,Comedy|Fantasy,arab stereotype|box office flop|documentary filmmaker|filmmaker|terrorist,PG-13,83.0,Color,USA,English,4.3,205.0,8560.0,45.0,David Zucker,119.0,Chriss Anglin,885.0,Geoffrey Arend,816.0,Gary Coleman,633.0,2907.0,797.0,2.0,2.35,http://www.imdb.com/title/tt1190617/?ref_=fn_tt_tt_1
Cars ,2006.0,244052771.0,120000000.0,124052771.0,Adventure|Animation|Comedy|Family|Sport,car|desert|route 66|tow truck|truck,G,117.0,Color,USA,English,7.2,584.0,263853.0,256.0,John Lasseter,487.0,John Ratzenberger,1000.0,Cheech Marin,843.0,George Carlin,769.0,4905.0,0.0,0.0,2.35,http://www.imdb.com/title/tt0317219/?ref_=fn_tt_tt_1
Alice Through the Looking Glass ,2016.0,76846624.0,170000000.0,-93153376.0,Adventure|Family|Fantasy,clock|dark fantasy|mad hatter|queen|sequel,PG,113.0,Color,USA,English,6.4,131.0,21352.0,218.0,James Bobin,33.0,Johnny Depp,40000.0,Alan Rickman,25000.0,Anne Hathaway,11000.0,80806.0,30000.0,1.0,1.85,http://www.imdb.com/title/tt2567026/?ref_=fn_tt_tt_1
Must Love Dogs ,2005.0,43894863.0,30000000.0,13894863.0,Comedy|Romance,date|dating|dog|love|teacher,PG-13,98.0,Color,USA,English,5.9,262.0,25883.0,120.0,Gary David Goldberg,30.0,Stockard Channing,944.0,Victor Webster,940.0,Elizabeth Perkins,664.0,4879.0,0.0,2.0,2.35,http://www.imdb.com/title/tt0417001/?ref_=fn_tt_tt_1
Highlander: Endgame ,2000.0,12801190.0,15000000.0,-2198810.0,Action|Adventure|Fantasy|Sci-Fi,battle|explosion|immortal|revenge|sequel to cult film,R,101.0,Color,USA,English,4.6,355.0,16340.0,90.0,Douglas Aarniokoski,36.0,Christopher Lambert,1000.0,Adrian Paul,786.0,Adam Copeland,377.0,2764.0,356.0,1.0,2.35,http://www.imdb.com/title/tt0144964/?ref_=fn_tt_tt_1
Disturbia ,2007.0,80050171.0,20000000.0,60050171.0,Drama|Mystery|Thriller,binoculars|electronic tag|house arrest|neighbor|watching someone,PG-13,105.0,Color,USA,English,6.9,491.0,186982.0,253.0,D.J. Caruso,154.0,Sarah Roemer,884.0,Aaron Yoo,617.0,Jose Pablo Cantillo,502.0,2288.0,0.0,0.0,1.85,http://www.imdb.com/title/tt0486822/?ref_=fn_tt_tt_1
Titan A.E. ,2000.0,22751979.0,75000000.0,-52248021.0,Action|Adventure|Animation|Family|Sci-Fi,alien|captain|escape|pilot|scientist,PG,94.0,Color,USA,English,6.6,377.0,52244.0,131.0,Don Bluth,383.0,Matt Damon,13000.0,Janeane Garofalo,1000.0,Nathan Lane,886.0,15857.0,0.0,0.0,2.35,http://www.imdb.com/title/tt0120913/?ref_=fn_tt_tt_1
Charlie's Angels: Full Throttle ,2003.0,100685880.0,120000000.0,-19314120.0,Action|Adventure|Comedy|Crime,fbi|murder|ring|witness protection|witness protection program,PG-13,107.0,Color,USA,English,4.8,554.0,100821.0,102.0,McG,368.0,Demi Moore,2000.0,Bernie Mac,1000.0,Justin Theroux,1000.0,4046.0,0.0,0.0,2.35,http://www.imdb.com/title/tt0305357/?ref_=fn_tt_tt_1
The 5th Quarter ,2010.0,399611.0,6000000.0,-5600389.0,Biography|Drama|Sport,athletic training|football practice|funeral|gymnasium|man crying,PG,90.0,Color,USA,English,5.7,29.0,1245.0,16.0,Rick Bieber,11.0,Aidan Quinn,767.0,Kendrick Cross,529.0,Sammy Nagi Njuguna,316.0,2370.0,0.0,2.0,1.85,http://www.imdb.com/title/tt1130964/?ref_=fn_tt_tt_1
Legend of the Guardians: The Owls of Ga'Hoole ,2010.0,55673333.0,80000000.0,-24326667.0,Action|Adventure|Animation|Family|Fantasy,barn owl|escape|owl|ruler|soldier,PG,101.0,Color,USA,English,7.0,160.0,65785.0,188.0,Zack Snyder,0.0,Abbie Cornish,2000.0,Richard Roxburgh,653.0,Anthony LaPaglia,577.0,4286.0,16000.0,1.0,2.35,http://www.imdb.com/title/tt1219342/?ref_=fn_tt_tt_1
Dragonball: Evolution ,2009.0,9353573.0,45000000.0,-35646427.0,Action|Adventure|Fantasy|Sci-Fi|Thriller,bad|dragon|grandfather|orb|warrior,PG,100.0,Color,USA,English,2.7,524.0,56451.0,130.0,James Wong,70.0,Ian Whyte,473.0,Texas Battle,315.0,Randall Duk Kim,99.0,1100.0,0.0,0.0,2.35,http://www.imdb.com/title/tt1098327/?ref_=fn_tt_tt_1
MacGruber ,2010.0,8460995.0,10000000.0,-1539005.0,Action|Comedy|Romance,colonel|lieutenant|nuclear warhead|team|washington d.c.,R,95.0,Color,USA,English,5.5,125.0,35888.0,163.0,Jorma Taccone,434.0,Jasper Cole,1000.0,Will Forte,622.0,Powers Boothe,472.0,2618.0,0.0,3.0,2.35,http://www.imdb.com/title/tt1470023/?ref_=fn_tt_tt_1
Poultrygeist: Night of the Chicken Dead ,2006.0,23000.0,500000.0,-477000.0,Comedy|Horror|Musical,castration|chicken|fast food|indian burial ground|protest,Unrated,103.0,Color,USA,English,6.2,58.0,5931.0,88.0,Lloyd Kaufman,365.0,John Karyus,907.0,Lloyd Kaufman,365.0,Kate Graham,49.0,1411.0,0.0,0.0,1.85,http://www.imdb.com/title/tt0462485/?ref_=fn_tt_tt_1
The Revenant ,2015.0,183635922.0,135000000.0,48635922.0,Adventure|Drama|Thriller|Western,bear attack|cauterizing a wound|native american|revenge|survival,R,156.0,Color,USA,English,8.1,1188.0,406020.0,556.0,Alejandro G. Iñárritu,0.0,Leonardo DiCaprio,29000.0,Tom Hardy,27000.0,Lukas Haas,733.0,57108.0,190000.0,0.0,2.35,http://www.imdb.com/title/tt1663202/?ref_=fn_tt_tt_1
Phat Girlz ,2006.0,7059537.0,3000000.0,4059537.0,Comedy,female protagonist|size positive|thin|title directed by female|wet dream,PG-13,99.0,Color,USA,English,3.0,101.0,8279.0,37.0,Nnegest Likké,18.0,Mo'Nique,939.0,Jimmy Jean-Louis,407.0,Joyful Drake,233.0,2321.0,837.0,0.0,1.85,http://www.imdb.com/title/tt0490196/?ref_=fn_tt_tt_1
City of Ghosts ,2002.0,325491.0,17500000.0,-17174509.0,Crime|Drama|Thriller,bag over head|buddhist temple|loss of friend|male bonding|nightclub,R,116.0,Color,USA,English,6.0,67.0,4387.0,38.0,Matt Dillon,0.0,Kirk Fox,109.0,Shawn Andrews,67.0,Rob Campbell,50.0,245.0,204.0,0.0,1.85,http://www.imdb.com/title/tt0164003/?ref_=fn_tt_tt_1
Robin Hood ,2010.0,105219735.0,200000000.0,-94780265.0,Action|Adventure|Drama|History,1190s|archer|england|king of england|robin hood,PG-13,156.0,Color,USA,English,6.7,546.0,211765.0,343.0,Ridley Scott,0.0,Mark Addy,891.0,William Hurt,882.0,Scott Grimes,738.0,3244.0,17000.0,0.0,2.35,http://www.imdb.com/title/tt0955308/?ref_=fn_tt_tt_1
Life or Something Like It ,2002.0,14448589.0,40000000.0,-25551411.0,Comedy|Romance,football|homeless man|interview|psychic|reporter,PG-13,103.0,Color,USA,English,5.8,128.0,19364.0,86.0,Stephen Herek,65.0,Angelina Jolie Pitt,11000.0,Stockard Channing,944.0,James Gammon,311.0,12566.0,835.0,2.0,2.35,http://www.imdb.com/title/tt0282687/?ref_=fn_tt_tt_1
Mission: Impossible - Ghost Protocol ,2011.0,209364921.0,145000000.0,64364921.0,Action|Adventure|Thriller,dubai|kremlin|race against time|russian|terrorist,PG-13,133.0,Color,USA,English,7.4,512.0,365104.0,432.0,Brad Bird,663.0,Tom Cruise,10000.0,Jeremy Renner,10000.0,Michael Nyqvist,690.0,21768.0,35000.0,3.0,2.35,http://www.imdb.com/title/tt1229238/?ref_=fn_tt_tt_1
Monster House ,2006.0,73661010.0,75000000.0,-1338990.0,Animation|Comedy|Family|Fantasy|Mystery,babysitter|halloween|house|neighbor|suburb,PG,91.0,Color,USA,English,6.6,229.0,71137.0,190.0,Gil Kenan,27.0,Steve Buscemi,12000.0,Jon Heder,970.0,Catherine O'Hara,925.0,17299.0,0.0,0.0,2.35,http://www.imdb.com/title/tt0385880/?ref_=fn_tt_tt_1
Harold & Kumar Go to White Castle ,2004.0,18225165.0,9000000.0,9225165.0,Adventure|Comedy,marijuana|police|road trip|stoner|white castle,R,88.0,Color,USA,English,7.1,316.0,155262.0,150.0,Danny Leiner,8.0,Ethan Embry,982.0,Fred Willard,729.0,Paula Garcés,587.0,3114.0,0.0,2.0,1.85,http://www.imdb.com/title/tt0366551/?ref_=fn_tt_tt_1
Daddy's Home ,2015.0,150315155.0,50000000.0,100315155.0,Comedy|Family,biological father|dad|drinking|product placement|wilhelm scream,PG-13,96.0,Color,USA,English,6.1,130.0,54010.0,145.0,Sean Anders,51.0,Will Ferrell,8000.0,Linda Cardellini,2000.0,Mark L. Young,322.0,10886.0,13000.0,2.0,1.85,http://www.imdb.com/title/tt1528854/?ref_=fn_tt_tt_1
Hoodwinked Too! Hood vs. Evil ,2011.0,10134754.0,30000000.0,-19865246.0,Animation|Comedy|Family,3 dimensional|box office flop|critically bashed|red riding hood|wolf,PG,86.0,Color,USA,English,4.8,38.0,9682.0,77.0,Mike Disa,6.0,Amy Poehler,1000.0,Phil LaMarr,857.0,Cheech Marin,843.0,5393.0,0.0,0.0,1.85,http://www.imdb.com/title/tt0844993/?ref_=fn_tt_tt_1
The Art of War ,2000.0,30199105.0,40000000.0,-9800895.0,Action|Adventure|Crime|Thriller,blood splatter|fbi|murder|secretary general|united nations,R,116.0,Color,USA,English,5.7,167.0,25346.0,110.0,Christian Duguay,18.0,Michael Biehn,2000.0,Cary-Hiroyuki Tagawa,1000.0,Anne Archer,249.0,3753.0,470.0,0.0,2.35,http://www.imdb.com/title/tt0160009/?ref_=fn_tt_tt_1
Ice Age: Continental Drift ,2012.0,161317423.0,95000000.0,66317423.0,Adventure|Animation|Comedy|Family,acorn|herd|iceberg|ocean|pirate,PG,88.0,Color,USA,English,6.6,139.0,145321.0,233.0,Steve Martino,20.0,Peter Dinklage,22000.0,Josh Gad,1000.0,Drake,916.0,25354.0,14000.0,0.0,2.35,http://www.imdb.com/title/tt1667889/?ref_=fn_tt_tt_1
Center Stage ,2000.0,17174870.0,18000000.0,-825130.0,Drama|Music|Romance,ballet|dance|dancer|dancing|love,PG-13,115.0,Color,USA,English,6.7,210.0,15817.0,68.0,Nicholas Hytner,13.0,Amanda Schull,757.0,Susan May Pratt,220.0,Ethan Stiefel,111.0,1201.0,0.0,2.0,2.35,http://www.imdb.com/title/tt0210616/?ref_=fn_tt_tt_1
Secret Window ,2004.0,47781388.0,40000000.0,7781388.0,Mystery|Thriller,adultery|extramarital affair|infidelity|unfaithfulness|writer,PG-13,96.0,Color,USA,English,6.6,531.0,147504.0,195.0,David Koepp,192.0,Johnny Depp,40000.0,Charles S. Dutton,534.0,Timothy Hutton,501.0,41293.0,0.0,1.0,2.35,http://www.imdb.com/title/tt0363988/?ref_=fn_tt_tt_1
"Dude, Where's My Car? ",2000.0,46729374.0,13000000.0,33729374.0,Comedy|Mystery,bare chested male|gay kiss|homoeroticism|lesbian kiss|transsexual,PG-13,83.0,Color,USA,English,5.5,469.0,116625.0,106.0,Danny Leiner,8.0,Jennifer Garner,3000.0,Mary Lynn Rajskub,934.0,Marla Sokoloff,612.0,6454.0,0.0,2.0,1.37,http://www.imdb.com/title/tt0242423/?ref_=fn_tt_tt_1
Drive ,2011.0,35054909.0,15000000.0,20054909.0,Crime|Drama,kissing in an elevator|mythical hero|neo noir|protective male|silent protagonist,R,100.0,Color,USA,English,7.8,1264.0,431578.0,676.0,Nicolas Winding Refn,0.0,Ryan Gosling,33000.0,Albert Brooks,745.0,Russ Tamblyn,228.0,34337.0,81000.0,0.0,2.35,http://www.imdb.com/title/tt0780504/?ref_=fn_tt_tt_1
The Last House on the Left ,2009.0,32721635.0,15000000.0,17721635.0,Crime|Horror|Thriller,kidnapping|lake|microwave oven|psychopath|woods,R,114.0,Color,USA,English,6.6,279.0,67822.0,241.0,Dennis Iliadis,29.0,Tony Goldwyn,956.0,Monica Potter,878.0,Martha MacIsaac,616.0,3861.0,0.0,0.0,1.85,http://www.imdb.com/title/tt0844708/?ref_=fn_tt_tt_1
The Mummy: Tomb of the Dragon Emperor ,2008.0,102176165.0,145000000.0,-42823835.0,Action|Adventure|Fantasy|Horror|Thriller,army|china|emperor|mummy|shangri la,PG-13,112.0,Color,USA,English,5.2,501.0,117927.0,264.0,Rob Cohen,357.0,Jet Li,5000.0,Brendan Fraser,3000.0,Russell Wong,595.0,9131.0,0.0,2.0,2.35,http://www.imdb.com/title/tt0859163/?ref_=fn_tt_tt_1
Stolen Summer ,2002.0,119841.0,1500000.0,-1380159.0,Drama,catholic|catholicism|rabbi|school|summer,PG,91.0,Color,USA,English,6.5,55.0,2419.0,31.0,Pete Jones,18.0,Brian Dennehy,954.0,Aidan Quinn,767.0,Bonnie Hunt,597.0,3901.0,304.0,1.0,1.85,http://www.imdb.com/title/tt0286162/?ref_=fn_tt_tt_1
One Hour Photo ,2002.0,31597131.0,12000000.0,19597131.0,Drama|Thriller,insanity|photo lab|photo shop|photography|voyeur,R,96.0,Color,USA,English,6.8,605.0,97938.0,207.0,Mark Romanek,132.0,Robin Williams,49000.0,Gary Cole,989.0,Connie Nielsen,933.0,52138.0,0.0,0.0,1.85,http://www.imdb.com/title/tt0265459/?ref_=fn_tt_tt_1
Despicable Me ,2010.0,251501645.0,69000000.0,182501645.0,Animation|Comedy|Family,girl|minion|moon|pyramid|white picket fence,PG,87.0,Color,USA,English,7.7,296.0,385943.0,304.0,Pierre Coffin,275.0,Steve Carell,7000.0,Miranda Cosgrove,2000.0,Jack McBrayer,975.0,11608.0,31000.0,0.0,1.85,http://www.imdb.com/title/tt1323594/?ref_=fn_tt_tt_1
The Midnight Meat Train ,2008.0,73548.0,15000000.0,-14926452.0,Fantasy|Horror|Mystery,butcher|girlfriend|mute character|photographer|subway,R,103.0,Color,USA,English,6.1,209.0,47574.0,177.0,Ryûhei Kitamura,129.0,Bradley Cooper,14000.0,Brooke Shields,1000.0,Leslie Bibb,1000.0,18639.0,0.0,0.0,2.35,http://www.imdb.com/title/tt0805570/?ref_=fn_tt_tt_1
War ,2007.0,22466994.0,25000000.0,-2533006.0,Action|Crime|Thriller,assassin|betrayal|fbi|fbi agent|yakuza,R,103.0,Color,USA,English,6.3,166.0,72673.0,119.0,Philip G. Atwell,5.0,Jason Statham,26000.0,Jet Li,5000.0,Nadine Velazquez,874.0,33565.0,0.0,0.0,2.35,http://www.imdb.com/title/tt0499556/?ref_=fn_tt_tt_1
She's Out of My League ,2010.0,31584722.0,20000000.0,11584722.0,Comedy|Romance,airport|airport security|confidence|iphone|love,R,104.0,Color,USA,English,6.4,131.0,101730.0,180.0,Jim Field Smith,14.0,Mike Vogel,2000.0,Kim Shaw,934.0,Geoff Stults,756.0,5707.0,0.0,1.0,2.35,http://www.imdb.com/title/tt0815236/?ref_=fn_tt_tt_1
Your Highness ,2011.0,21557240.0,49900000.0,-28342760.0,Adventure|Comedy|Fantasy,knight|prince|quest|rescue|thong bikini,R,102.0,Color,USA,English,5.6,274.0,85237.0,208.0,David Gordon Green,234.0,Natalie Portman,20000.0,Zooey Deschanel,11000.0,James Franco,11000.0,45202.0,18000.0,3.0,2.35,http://www.imdb.com/title/tt1240982/?ref_=fn_tt_tt_1
The Kid ,2000.0,69688384.0,60000000.0,9688384.0,Comedy|Family|Fantasy,altering history|cartoon on tv|childhood|image consultant|one two combo,PG,104.0,Color,USA,English,6.1,139.0,34473.0,86.0,Jon Turteltaub,226.0,Bruce Willis,13000.0,Lily Tomlin,718.0,Daniel von Bargen,577.0,16452.0,0.0,1.0,1.85,http://www.imdb.com/title/tt0219854/?ref_=fn_tt_tt_1
The Boxtrolls ,2014.0,50807639.0,60000000.0,-9192361.0,Adventure|Animation|Comedy|Family|Fantasy,chase|puppet animation|red hat|stop motion animation|troll,PG,96.0,Color,USA,English,6.8,122.0,40883.0,219.0,Graham Annable,7.0,Isaac Hempstead Wright,874.0,Dee Bradley Baker,668.0,Tracy Morgan,642.0,3151.0,11000.0,3.0,1.85,http://www.imdb.com/title/tt0787474/?ref_=fn_tt_tt_1
The Big Wedding ,2013.0,21784432.0,35000000.0,-13215568.0,Comedy,adoption|divorce|family relationships|farce|wedding,R,89.0,Color,USA,English,5.6,108.0,37493.0,133.0,Justin Zackham,16.0,Robin Williams,49000.0,Robert De Niro,22000.0,Topher Grace,2000.0,74181.0,0.0,8.0,2.35,http://www.imdb.com/title/tt1931435/?ref_=fn_tt_tt_1
Mission: Impossible III ,2006.0,133382309.0,150000000.0,-16617691.0,Action|Adventure|Thriller,arms dealer|fictional government agency|mission|rescue|vatican,PG-13,124.0,Color,USA,English,6.9,871.0,256695.0,310.0,J.J. Abrams,14000.0,Philip Seymour Hoffman,22000.0,Tom Cruise,10000.0,Eddie Marsan,979.0,34817.0,0.0,0.0,2.35,http://www.imdb.com/title/tt0317919/?ref_=fn_tt_tt_1
Rocky Balboa ,2006.0,70269171.0,24000000.0,46269171.0,Drama|Sport,boxing|fight|heavyweight champion|restaurant|retired boxer,PG,139.0,Color,USA,English,7.2,962.0,162130.0,285.0,Sylvester Stallone,13000.0,Sylvester Stallone,13000.0,Burt Young,683.0,Mike Tyson,461.0,15111.0,0.0,0.0,1.85,http://www.imdb.com/title/tt0479143/?ref_=fn_tt_tt_1
New in Town ,2009.0,16699684.0,8000000.0,8699684.0,Comedy|Romance,love|manufacturing|minnesota|plant|small town,PG,97.0,Color,USA,English,5.6,78.0,17461.0,121.0,Jonas Elmer,3.0,J.K. Simmons,24000.0,Frances Conroy,827.0,Harry Connick Jr.,631.0,25792.0,0.0,1.0,1.85,http://www.imdb.com/title/tt1095174/?ref_=fn_tt_tt_1
Take Shelter ,2011.0,1729969.0,5000000.0,-3270031.0,Drama|Thriller,ambiguous ending|firefly|mysterious event|schizophrenia|storm,R,121.0,Color,USA,English,7.4,219.0,68211.0,359.0,Jeff Nichols,337.0,Katy Mixon,982.0,Shea Whigham,463.0,Robert Longstreet,41.0,1520.0,14000.0,0.0,2.35,http://www.imdb.com/title/tt1675192/?ref_=fn_tt_tt_1
The Book of Eli ,2010.0,94822707.0,80000000.0,14822707.0,Action|Adventure|Drama|Thriller,blind|book|long take|post apocalypse|water,R,118.0,Color,USA,English,6.9,560.0,227072.0,325.0,Albert Hughes,117.0,Denzel Washington,18000.0,Mila Kunis,15000.0,Gary Oldman,10000.0,44797.0,20000.0,0.0,2.35,http://www.imdb.com/title/tt1037705/?ref_=fn_tt_tt_1
Murderball ,2005.0,1523883.0,1750211.0,-226328.0,Documentary|Sport,paralympics|quad rugby|rugby|team|wheelchair,R,88.0,Color,USA,English,7.8,70.0,9037.0,110.0,Henry Alex Rubin,30.0,Mark Zupan,15.0,Joe Bishop,0.0,Andy Cohn,0.0,15.0,0.0,1.0,1.85,http://www.imdb.com/title/tt0436613/?ref_=fn_tt_tt_1
Brother ,2000.0,447750.0,10000000.0,-9552250.0,Crime|Drama|Thriller,gang|gangster|subjective camera|written and directed by cast member|yakuza,R,114.0,Color,USA,English,7.2,133.0,18520.0,81.0,Takeshi Kitano,0.0,Omar Epps,865.0,Tatyana Ali,685.0,James Shigeta,403.0,2126.0,0.0,0.0,1.85,http://www.imdb.com/title/tt0222851/?ref_=fn_tt_tt_1
Sabotage ,2014.0,10499968.0,35000000.0,-24500032.0,Action|Crime|Drama|Thriller,dea|drug cartel|kicked in the crotch|strip club|tough girl,R,109.0,Color,USA,English,5.7,212.0,47498.0,233.0,David Ayer,453.0,Mireille Enos,1000.0,Martin Donovan,206.0,Maurice Compte,120.0,1458.0,10000.0,3.0,1.85,http://www.imdb.com/title/tt1742334/?ref_=fn_tt_tt_1
The Purge ,2013.0,64423650.0,3000000.0,61423650.0,Horror|Sci-Fi|Thriller,class differences|killing spree|one night|suburb|violence,R,85.0,Color,USA,English,5.7,578.0,139329.0,361.0,James DeMonaco,65.0,Rhys Wakefield,942.0,Adelaide Kane,810.0,Chris Mulkey,535.0,3708.0,31000.0,0.0,2.35,http://www.imdb.com/title/tt2184339/?ref_=fn_tt_tt_1
Larry the Cable Guy: Health Inspector ,2006.0,15655665.0,4000000.0,11655665.0,Comedy|Romance,diner|food poisoning|health inspector|restaurant|undercover,PG-13,89.0,Color,USA,English,3.1,112.0,9104.0,37.0,Trent Cooper,0.0,Thomas F. Wilson,690.0,Larry the Cable Guy,400.0,Megyn Price,323.0,2135.0,110.0,2.0,1.33,http://www.imdb.com/title/tt0462395/?ref_=fn_tt_tt_1
Fury ,2014.0,85707116.0,68000000.0,17707116.0,Action|Drama|War,battle|battlefield|brutality|combat|tank,R,134.0,Color,USA,English,7.6,701.0,303185.0,406.0,David Ayer,452.0,Brad Pitt,11000.0,Logan Lerman,8000.0,Jim Parrack,697.0,20411.0,82000.0,4.0,2.35,http://www.imdb.com/title/tt2713180/?ref_=fn_tt_tt_1
The Dark Knight ,2008.0,533316061.0,185000000.0,348316061.0,Action|Crime|Drama|Thriller,based on comic book|dc comics|psychopath|star died before release|urban setting,PG-13,152.0,Color,USA,English,9.0,4667.0,1676169.0,645.0,Christopher Nolan,22000.0,Christian Bale,23000.0,Heath Ledger,13000.0,Morgan Freeman,11000.0,57802.0,37000.0,0.0,2.35,http://www.imdb.com/title/tt0468569/?ref_=fn_tt_tt_1
Running with Scissors ,2006.0,6754898.0,12000000.0,-5245102.0,Comedy|Drama,alcoholic|fame|therapist|writer|writing,R,122.0,Color,USA,English,6.2,188.0,20000.0,132.0,Ryan Murphy,708.0,Jill Clayburgh,433.0,Joseph Cross,398.0,Dagmara Dominczyk,316.0,1291.0,0.0,0.0,2.35,http://www.imdb.com/title/tt0439289/?ref_=fn_tt_tt_1
Scooby-Doo ,2002.0,153288182.0,84000000.0,69288182.0,Adventure|Comedy|Mystery,amusement park|island|motorcycle|scooby doo|tough girl,PG,86.0,Color,USA,English,4.9,521.0,71424.0,138.0,Raja Gosnell,67.0,Sarah Michelle Gellar,4000.0,Linda Cardellini,2000.0,Miguel A. Núñez Jr.,271.0,6355.0,0.0,3.0,1.85,http://www.imdb.com/title/tt0267913/?ref_=fn_tt_tt_1
Alone with Her ,2006.0,10018.0,1000000.0,-989982.0,Crime|Drama|Thriller,female nudity|female pubic hair|masturbation|panties|pubic hair,Not Rated,78.0, Black and White,USA,English,6.1,31.0,3228.0,71.0,Eric Nicholas,0.0,Jordana Spiro,262.0,Ana Claudia Talancón,163.0,Jonathon Trent,61.0,509.0,244.0,0.0,1.85,http://www.imdb.com/title/tt0472259/?ref_=fn_tt_tt_1
How to Train Your Dragon ,2010.0,217387997.0,165000000.0,52387997.0,Adventure|Animation|Family|Fantasy,dragon|island|training|viking|village,PG,98.0,Color,USA,English,8.2,492.0,485430.0,288.0,Dean DeBlois,255.0,Gerard Butler,18000.0,America Ferrera,953.0,Craig Ferguson,759.0,20453.0,33000.0,0.0,2.35,http://www.imdb.com/title/tt0892769/?ref_=fn_tt_tt_1
Cinderella Man ,2005.0,61644321.0,88000000.0,-26355679.0,Biography|Drama|Sport,boxer|boxing|dream|great depression|love,PG-13,144.0,Color,USA,English,8.0,529.0,148238.0,201.0,Ron Howard,2000.0,Paddy Considine,680.0,Bruce McGill,655.0,Rosemarie DeWitt,537.0,2523.0,0.0,0.0,2.35,http://www.imdb.com/title/tt0352248/?ref_=fn_tt_tt_1
Charlie St. Cloud ,2010.0,31136950.0,44000000.0,-12863050.0,Drama|Fantasy|Romance,brother brother relationship|death of brother|ghost|seeing dead people|talking with the dead,PG-13,99.0,Color,USA,English,6.5,75.0,47364.0,117.0,Burr Steers,23.0,Augustus Prew,405.0,Charlie Tahan,268.0,Valerie Tian,135.0,1066.0,0.0,1.0,2.35,http://www.imdb.com/title/tt1438254/?ref_=fn_tt_tt_1
Trust the Man ,2005.0,1530535.0,9000000.0,-7469465.0,Comedy|Drama|Romance,actress|lesbianism|manhattan new york city|urination|watching pornography,R,103.0,Color,USA,English,5.7,63.0,7833.0,100.0,Bart Freundlich,38.0,Billy Crudup,745.0,Garry Shandling,591.0,Dagmara Dominczyk,316.0,1721.0,215.0,3.0,2.35,http://www.imdb.com/title/tt0427968/?ref_=fn_tt_tt_1
Percy Jackson: Sea of Monsters ,2013.0,68558662.0,90000000.0,-21441338.0,Adventure|Family|Fantasy,golden fleece|half brother|magical tree|sea|tree,PG,106.0,Color,USA,English,5.9,204.0,86627.0,183.0,Thor Freudenthal,87.0,Logan Lerman,8000.0,Leven Rambin,956.0,Brandon T. Jackson,918.0,10882.0,28000.0,0.0,2.35,http://www.imdb.com/title/tt1854564/?ref_=fn_tt_tt_1
Return to Never Land ,2002.0,48423368.0,20000000.0,28423368.0,Adventure|Animation|Family|Fantasy,1940s|gang that lives together|outlaw gang|rescue|sequel,G,72.0,Color,USA,English,5.8,79.0,13324.0,80.0,Robin Budd,2.0,Roger Rees,1000.0,Rob Paulsen,677.0,Spencer Breslin,434.0,3402.0,302.0,1.0,1.66,http://www.imdb.com/title/tt0280030/?ref_=fn_tt_tt_1
Dope ,2015.0,17474107.0,7000000.0,10474107.0,Comedy|Crime|Drama,african american|geek|hip hop|party|tomboy,R,103.0,Color,USA,English,7.3,89.0,56605.0,180.0,Rick Famuyiwa,44.0,Kimberly Elise,637.0,Rick Fox,256.0,Kiersey Clemons,190.0,1342.0,23000.0,3.0,2.35,http://www.imdb.com/title/tt3850214/?ref_=fn_tt_tt_1
The Matador ,2005.0,12570442.0,10000000.0,2570442.0,Comedy|Crime|Drama|Thriller,bar|hitman|luck|mexico|mexico city,R,96.0,Color,USA,English,6.8,234.0,40514.0,191.0,Richard Shepard,47.0,Adam Scott,3000.0,Philip Baker Hall,497.0,Hope Davis,442.0,4053.0,808.0,0.0,2.35,http://www.imdb.com/title/tt0365485/?ref_=fn_tt_tt_1
Hollow Man ,2000.0,73209340.0,95000000.0,-21790660.0,Action|Horror|Sci-Fi|Thriller,experiment|research|scientist|suburb|surrealism,R,119.0,Color,USA,English,5.7,628.0,101834.0,180.0,Paul Verhoeven,719.0,Greg Grunberg,833.0,Kim Dickens,624.0,Joey Slotnick,423.0,2356.0,0.0,0.0,1.85,http://www.imdb.com/title/tt0164052/?ref_=fn_tt_tt_1
Joe ,2013.0,371897.0,4000000.0,-3628103.0,Drama,alcoholic|cigarette smoking|father son relationship|teenage boy|woods,R,117.0,Color,USA,English,6.9,118.0,36494.0,232.0,David Gordon Green,234.0,Nicolas Cage,12000.0,Tye Sheridan,1000.0,Ronnie Gene Blevins,221.0,13607.0,11000.0,2.0,2.35,http://www.imdb.com/title/tt2382396/?ref_=fn_tt_tt_1
Repo! The Genetic Opera ,2008.0,140244.0,8500000.0,-8359756.0,Horror|Musical|Sci-Fi,future|murder|opera|repossession|surgery,R,150.0,Color,USA,English,6.7,259.0,20419.0,147.0,Darren Lynn Bousman,163.0,Alexa PenaVega,2000.0,Paris Hilton,716.0,Paul Sorvino,636.0,4168.0,8000.0,1.0,1.85,http://www.imdb.com/title/tt0963194/?ref_=fn_tt_tt_1
Insurgent ,2015.0,129995817.0,110000000.0,19995817.0,Adventure|Sci-Fi|Thriller,action heroine|falling from height|mind control|trainhopping|truth serum,PG-13,119.0,Color,USA,English,6.3,258.0,154621.0,263.0,Robert Schwentke,124.0,Kate Winslet,14000.0,Theo James,5000.0,Mekhi Phifer,1000.0,22622.0,27000.0,0.0,2.35,http://www.imdb.com/title/tt2908446/?ref_=fn_tt_tt_1
Real Steel ,2011.0,85463309.0,110000000.0,-24536691.0,Action|Drama|Sci-Fi|Sport,arena|boxing|boxing movie|robot|robot battle,PG-13,127.0,Color,USA,English,7.1,426.0,254841.0,327.0,Shawn Levy,189.0,Hugh Jackman,20000.0,Torey Michael Adkins,929.0,Olga Fonda,544.0,22254.0,36000.0,1.0,2.35,http://www.imdb.com/title/tt0433035/?ref_=fn_tt_tt_1
Mr. Peabody & Sherman ,2014.0,111505642.0,145000000.0,-33494358.0,Adventure|Animation|Comedy|Family|Sci-Fi,dog|father son relationship|inventor|talking dog|time travel,PG,92.0,Color,USA,English,6.9,130.0,47900.0,196.0,Rob Minkoff,50.0,Ty Burrell,3000.0,Zach Callison,1000.0,Karan Brar,517.0,5810.0,11000.0,2.0,1.85,http://www.imdb.com/title/tt0864835/?ref_=fn_tt_tt_1
Moonlight Mile ,2002.0,6830957.0,21000000.0,-14169043.0,Drama|Romance,1970s|death|district attorney|fiancee|watching television,PG-13,112.0,Color,USA,English,6.7,147.0,11983.0,111.0,Brad Silberling,52.0,Jake Gyllenhaal,15000.0,Holly Hunter,1000.0,Bob Clendenin,347.0,16692.0,365.0,3.0,2.35,http://www.imdb.com/title/tt0179098/?ref_=fn_tt_tt_1
Blue Ruin ,2013.0,258113.0,1066167.0,-808054.0,Crime|Drama|Thriller,blood splatter|car|neo noir|vengeance|vomiting,R,90.0,Color,USA,English,7.1,135.0,42678.0,279.0,Jeremy Saulnier,57.0,Devin Ratray,1000.0,Eve Plumb,235.0,Amy Hargreaves,92.0,1528.0,0.0,0.0,2.35,http://www.imdb.com/title/tt2359024/?ref_=fn_tt_tt_1
Middle of Nowhere ,2012.0,78030.0,200000.0,-121970.0,Drama,,R,97.0,Color,USA,English,6.5,10.0,1034.0,37.0,Ava DuVernay,151.0,Omari Hardwick,1000.0,David Oyelowo,1000.0,Lorraine Toussaint,305.0,3021.0,569.0,2.0,2.35,http://www.imdb.com/title/tt1211890/?ref_=fn_tt_tt_1
Young Adult ,2011.0,16300302.0,12000000.0,4300302.0,Comedy|Drama,car damage|computer printer|female band|fingernail polish|narcissism,R,94.0,Color,USA,English,6.3,203.0,64682.0,325.0,Jason Reitman,655.0,Charlize Theron,9000.0,Patton Oswalt,786.0,Collette Wolfe,390.0,10575.0,0.0,1.0,1.85,http://www.imdb.com/title/tt1625346/?ref_=fn_tt_tt_1
W. ,2008.0,25517500.0,25100000.0,417500.0,Biography|Drama|History,bible|cabinet meeting|dog|drinking|family relationships,PG-13,129.0,Color,USA,English,6.4,320.0,40941.0,242.0,Oliver Stone,0.0,Toby Jones,2000.0,Scott Glenn,826.0,Bruce McGill,655.0,4264.0,0.0,1.0,2.35,http://www.imdb.com/title/tt1175491/?ref_=fn_tt_tt_1
Littleman ,2006.0,58255287.0,64000000.0,-5744713.0,Comedy|Crime,diamond|infant|parody|spoof|sports violence,PG-13,98.0,Color,USA,English,4.3,187.0,39471.0,78.0,Keenen Ivory Wayans,322.0,Chazz Palminteri,979.0,Brittany Daniel,862.0,John Witherspoon,723.0,6334.0,0.0,1.0,1.85,http://www.imdb.com/title/tt0430304/?ref_=fn_tt_tt_1
Be Cool ,2005.0,55808744.0,53000000.0,2808744.0,Comedy|Crime|Music,concert|mobster|russian|sequel|widow,PG-13,118.0,Color,USA,English,5.7,323.0,59435.0,161.0,F. Gary Gray,473.0,Dwayne Johnson,12000.0,Christina Milian,1000.0,Debi Mazar,680.0,15889.0,0.0,4.0,2.4,http://www.imdb.com/title/tt0377471/?ref_=fn_tt_tt_1
Rise of the Planet of the Apes ,2011.0,176740650.0,93000000.0,83740650.0,Action|Drama|Sci-Fi|Thriller,alzheimer's disease|ape|chimpanzee|fire|when animals attack,PG-13,105.0,Color,USA,English,7.6,646.0,403836.0,529.0,Rupert Wyatt,81.0,James Franco,11000.0,David Oyelowo,1000.0,Tyler Labine,779.0,13118.0,47000.0,0.0,2.35,http://www.imdb.com/title/tt1318514/?ref_=fn_tt_tt_1
Burlesque ,2010.0,39440655.0,55000000.0,-15559345.0,Drama|Music|Musical|Romance,burlesque|dancer|iowa|small town girl|stage,PG-13,119.0,Color,USA,English,6.4,222.0,61680.0,197.0,Steve Antin,59.0,Eric Dane,2000.0,Peter Gallagher,828.0,David Walton,676.0,4315.0,19000.0,1.0,2.35,http://www.imdb.com/title/tt1126591/?ref_=fn_tt_tt_1
San Andreas ,2015.0,155181732.0,110000000.0,45181732.0,Action|Adventure|Drama|Thriller,disaster movie|earthquake|journey|natural disaster|san andreas fault,PG-13,114.0,Color,USA,English,6.1,499.0,147497.0,358.0,Brad Peyton,62.0,Dwayne Johnson,12000.0,Ioan Gruffudd,2000.0,Archie Panjabi,884.0,16718.0,52000.0,0.0,2.35,http://www.imdb.com/title/tt2126355/?ref_=fn_tt_tt_1
St. Vincent ,2014.0,44134898.0,13000000.0,31134898.0,Comedy|Drama,bullying|grumpy old man|school presentation|stroke|stroke recovery,PG-13,102.0,Color,USA,English,7.3,171.0,72803.0,275.0,Theodore Melfi,51.0,Bill Murray,13000.0,Naomi Watts,6000.0,Reg E. Cathey,360.0,20330.0,33000.0,3.0,1.85,http://www.imdb.com/title/tt2170593/?ref_=fn_tt_tt_1
Blue Valentine ,2010.0,9701559.0,3500000.0,6201559.0,Drama|Romance,dog hit by a car|dysfunctional family|falling in love|female in shower|unhappily married woman,R,112.0,Color,USA,English,7.4,283.0,141425.0,377.0,Derek Cianfrance,310.0,Ryan Gosling,33000.0,Mike Vogel,2000.0,John Doman,616.0,35941.0,25000.0,0.0,1.66,http://www.imdb.com/title/tt1120985/?ref_=fn_tt_tt_1
Dark Water ,2005.0,25472967.0,30000000.0,-4527033.0,Drama|Horror|Thriller,apartment|hello kitty|school|teacher|water,PG-13,103.0,Color,USA,English,5.6,411.0,44966.0,196.0,Walter Salles,179.0,Dougray Scott,794.0,Camryn Manheim,329.0,Ariel Gade,87.0,1467.0,0.0,2.0,2.35,http://www.imdb.com/title/tt0382628/?ref_=fn_tt_tt_1
Time Changer ,2002.0,15278.0,825000.0,-809722.0,Drama|Fantasy|Sci-Fi,bible|christian propaganda|christianity|time machine|zealot,PG,95.0,Color,USA,English,5.6,158.0,1742.0,16.0,Rich Christiano,14.0,Gavin MacLeod,284.0,D. David Morin,234.0,Hal Linden,221.0,1185.0,409.0,1.0,1.85,http://www.imdb.com/title/tt0295725/?ref_=fn_tt_tt_1
The Time Traveler's Wife ,2009.0,63411478.0,39000000.0,24411478.0,Drama|Fantasy|Romance|Sci-Fi,jumping on a bed|kissing while having sex|librarian|male objectification|pregnant woman in bathtub,PG-13,107.0,Color,USA,English,7.1,234.0,114925.0,214.0,Robert Schwentke,124.0,Arliss Howard,152.0,Brooklynn Proulx,142.0,Michelle Nolden,100.0,568.0,13000.0,1.0,2.35,http://www.imdb.com/title/tt0452694/?ref_=fn_tt_tt_1
Inside Man ,2006.0,88504640.0,45000000.0,43504640.0,Crime|Drama|Mystery|Thriller,bank|detective|negotiation|police|robber,R,129.0,Color,USA,English,7.6,646.0,273108.0,230.0,Spike Lee,0.0,Denzel Washington,18000.0,James Ransone,412.0,Peter Gerety,277.0,19148.0,0.0,2.0,2.35,http://www.imdb.com/title/tt0454848/?ref_=fn_tt_tt_1
Surf's Up ,2007.0,58867694.0,100000000.0,-41132306.0,Animation|Comedy|Family|Sport,chicken|competition|island|penguin|surfing,PG,85.0,Color,USA,English,6.8,112.0,54077.0,154.0,Ash Brannon,9.0,Jeff Bridges,12000.0,Zooey Deschanel,11000.0,Jon Heder,970.0,25590.0,0.0,0.0,1.85,http://www.imdb.com/title/tt0423294/?ref_=fn_tt_tt_1
Edmond ,2005.0,131617.0,10000000.0,-9868383.0,Drama|Thriller,bipolar disorder|sodomy|stabbing|street life|violence,R,82.0,Color,USA,English,6.3,119.0,9971.0,79.0,Stuart Gordon,216.0,Joe Mantegna,1000.0,Dulé Hill,922.0,Jeffrey Combs,885.0,5761.0,661.0,1.0,1.85,http://www.imdb.com/title/tt0443496/?ref_=fn_tt_tt_1
Corpse Bride ,2005.0,53337608.0,40000000.0,13337608.0,Animation|Drama|Family|Fantasy|Musical|Romance,arranged marriage|bride|corpse|groom|woods,PG,77.0,Color,USA,English,7.4,467.0,188785.0,267.0,Tim Burton,13000.0,Johnny Depp,40000.0,Christopher Lee,16000.0,Joanna Lumley,973.0,60683.0,0.0,1.0,1.85,http://www.imdb.com/title/tt0121164/?ref_=fn_tt_tt_1
The SpongeBob Movie: Sponge Out of Water ,2015.0,162495848.0,74000000.0,88495848.0,Adventure|Animation|Comedy|Family|Fantasy,book|magic|pirate|plankton|time machine,PG,92.0,Color,USA,English,6.0,133.0,34359.0,147.0,Paul Tibbitt,5.0,Tim Conway,870.0,Billy West,861.0,Eddie Deezen,726.0,5217.0,16000.0,0.0,1.85,http://www.imdb.com/title/tt2279373/?ref_=fn_tt_tt_1
Madagascar ,2005.0,193136719.0,75000000.0,118136719.0,Adventure|Animation|Comedy|Family,escape|jungle|lemur|madagascar|zoo,PG,86.0,Color,USA,English,6.9,385.0,266636.0,181.0,Eric Darnell,35.0,Jada Pinkett Smith,851.0,Cedric the Entertainer,436.0,Andy Richter,179.0,1777.0,0.0,0.0,1.85,http://www.imdb.com/title/tt0351283/?ref_=fn_tt_tt_1
The Maze Runner ,2014.0,102413606.0,34000000.0,68413606.0,Action|Mystery|Sci-Fi|Thriller,based on novel|concrete wall|maze|open ended|teenage boy,PG-13,113.0,Color,USA,English,6.8,524.0,310903.0,297.0,Wes Ball,47.0,Ki Hong Lee,988.0,Aml Ameen,149.0,Jacob Latimore,129.0,1783.0,38000.0,0.0,2.35,http://www.imdb.com/title/tt1790864/?ref_=fn_tt_tt_1
American Wedding ,2003.0,104354205.0,55000000.0,49354205.0,Comedy|Romance,bachelor party|blow job|breasts|friend|wedding,R,74.0,Color,USA,English,6.3,332.0,162331.0,153.0,Jesse Dylan,58.0,Alyson Hannigan,3000.0,Thomas Ian Nicholas,864.0,Fred Willard,729.0,5713.0,0.0,3.0,2.35,http://www.imdb.com/title/tt0328828/?ref_=fn_tt_tt_1
The Princess Diaries ,2001.0,108244774.0,37000000.0,71244774.0,Comedy|Family|Romance,cinderella story|fish out of water|makeover|manners|princess,G,111.0,Color,USA,English,6.2,301.0,94049.0,108.0,Garry Marshall,0.0,Anne Hathaway,11000.0,Hector Elizondo,995.0,Heather Matarazzo,529.0,13645.0,0.0,2.0,1.85,http://www.imdb.com/title/tt0247638/?ref_=fn_tt_tt_1
De-Lovely ,2004.0,13337299.0,20000000.0,-6662701.0,Biography|Drama|Music|Musical,cole porter|composer|love|party|tears,PG-13,125.0, Black and White,USA,English,6.6,226.0,9649.0,119.0,Irwin Winkler,34.0,Kevin McNally,427.0,Keith Allen,66.0,Sandra Nelson,65.0,729.0,1000.0,7.0,2.35,http://www.imdb.com/title/tt0352277/?ref_=fn_tt_tt_1
The Chumscrubber ,2005.0,49526.0,6800000.0,-6750474.0,Comedy|Drama,chumscrubber|death|friend|pills|school,R,108.0,Color,USA,English,7.0,129.0,16299.0,74.0,Arie Posin,3.0,Rory Culkin,710.0,John Heard,697.0,Tim DeKay,436.0,2119.0,1000.0,1.0,2.35,http://www.imdb.com/title/tt0406650/?ref_=fn_tt_tt_1
Paul Blart: Mall Cop 2 ,2015.0,71038190.0,30000000.0,41038190.0,Action|Comedy|Crime,character name in title|no opening credits|sequel|wilhelm scream,PG,94.0,Color,USA,English,4.4,123.0,23473.0,76.0,Andy Fickman,99.0,D.B. Woodside,598.0,Daniella Alonso,557.0,Eduardo Verástegui,377.0,3552.0,8000.0,1.0,1.85,http://www.imdb.com/title/tt3450650/?ref_=fn_tt_tt_1
Signs ,2002.0,227965690.0,72000000.0,155965690.0,Drama|Sci-Fi|Thriller,crop circle|faith|farm|glass of water|loss of faith,PG-13,106.0,Color,USA,English,6.7,2335.0,271592.0,208.0,M. Night Shyamalan,0.0,Rory Culkin,710.0,Merritt Wever,529.0,Cherry Jones,242.0,1675.0,0.0,0.0,1.85,http://www.imdb.com/title/tt0286106/?ref_=fn_tt_tt_1
Bandslam ,2009.0,5205343.0,20000000.0,-14794657.0,Comedy|Drama|Family|Music|Romance,battle of the bands|high school|rock 'n' roll|school|teenager,PG,111.0,Color,USA,English,6.4,39.0,11958.0,79.0,Todd Graff,650.0,Scott Porter,690.0,Charlie Saxton,224.0,Ryan Donowho,181.0,1573.0,1000.0,3.0,2.35,http://www.imdb.com/title/tt0976222/?ref_=fn_tt_tt_1
Failure to Launch ,2006.0,88658172.0,50000000.0,38658172.0,Comedy|Romance,friend|intervention|moving|secret|slacker,PG-13,95.0,Color,USA,English,5.6,242.0,58412.0,143.0,Tom Dey,9.0,Bradley Cooper,14000.0,Matthew McConaughey,11000.0,Zooey Deschanel,11000.0,37967.0,2000.0,2.0,2.35,http://www.imdb.com/title/tt0427229/?ref_=fn_tt_tt_1
O ,2001.0,16017403.0,5000000.0,11017403.0,Drama|Romance|Thriller,basketball|basketball player|boarding school|love|shakespeare's othello,R,95.0,Color,USA,English,6.2,153.0,17333.0,92.0,Tim Blake Nelson,596.0,Mekhi Phifer,1000.0,Andrew Keegan,835.0,John Heard,697.0,3300.0,0.0,2.0,1.85,http://www.imdb.com/title/tt0184791/?ref_=fn_tt_tt_1
The Words ,2012.0,11434867.0,6000000.0,5434867.0,Drama|Mystery|Romance|Thriller,american in paris|book|love|novel|writer,PG-13,102.0,Color,USA,English,7.1,130.0,59637.0,216.0,Brian Klugman,49.0,J.K. Simmons,24000.0,Bradley Cooper,14000.0,Olivia Wilde,10000.0,51355.0,21000.0,1.0,1.85,http://www.imdb.com/title/tt1840417/?ref_=fn_tt_tt_1
Copying Beethoven ,2006.0,352786.0,11000000.0,-10647214.0,Biography|Drama|Music,music copyist|music student|musical composition|student|symphony,PG-13,104.0,Color,USA,English,6.8,86.0,11132.0,78.0,Agnieszka Holland,238.0,Phyllida Law,60.0,David Kennedy,35.0,Angus Barnett,22.0,150.0,0.0,0.0,2.35,http://www.imdb.com/title/tt0424908/?ref_=fn_tt_tt_1
Juwanna Mann ,2002.0,13571817.0,15600000.0,-2028183.0,Comedy|Drama|Romance|Sport,basketball|dodge viper|hit in the crotch|male nudity|the star spangled banner,PG-13,91.0,Color,USA,English,4.5,40.0,5312.0,32.0,Jesse Vaughan,10.0,Vivica A. Fox,890.0,Jenifer Lewis,578.0,Kevin Pollak,574.0,3104.0,939.0,3.0,1.85,http://www.imdb.com/title/tt0247444/?ref_=fn_tt_tt_1
The Order ,2003.0,7659747.0,38000000.0,-30340253.0,Action|Mystery|Thriller,death|exorcism|heaven|priest|sin eater,R,102.0,Color,USA,English,5.1,204.0,14962.0,112.0,Brian Helgeland,241.0,Heath Ledger,13000.0,Mark Addy,891.0,Benno Fürmann,127.0,14165.0,704.0,1.0,1.85,http://www.imdb.com/title/tt0304711/?ref_=fn_tt_tt_1
Lions for Lambs ,2007.0,14998070.0,35000000.0,-20001930.0,Drama|Thriller|War,afghanistan|professor|reporter|student|university,R,92.0,Color,USA,English,6.2,298.0,41170.0,227.0,Robert Redford,0.0,Meryl Streep,11000.0,Tom Cruise,10000.0,Andrew Garfield,10000.0,32875.0,0.0,3.0,2.35,http://www.imdb.com/title/tt0891527/?ref_=fn_tt_tt_1
The Lone Ranger ,2013.0,89289910.0,215000000.0,-125710090.0,Action|Adventure|Western,horse|outlaw|texas|texas ranger|train,PG-13,150.0,Color,USA,English,6.5,711.0,181792.0,450.0,Gore Verbinski,563.0,Johnny Depp,40000.0,Ruth Wilson,2000.0,Tom Wilkinson,1000.0,45757.0,48000.0,1.0,2.35,http://www.imdb.com/title/tt1210819/?ref_=fn_tt_tt_1
Tomcats ,2001.0,13558739.0,11000000.0,2558739.0,Comedy,box office flop|critically bashed|dominatrix|friend|money,R,95.0,Color,USA,English,5.3,121.0,15427.0,75.0,Gregory Poirier,5.0,Shannon Elizabeth,1000.0,Jake Busey,660.0,David Ogden Stiers,443.0,2729.0,449.0,0.0,1.85,http://www.imdb.com/title/tt0246989/?ref_=fn_tt_tt_1
Our Brand Is Crisis ,2015.0,6998324.0,28000000.0,-21001676.0,Comedy|Drama,bolivia|box office flop|inspired by documentary|presidential campaign|year 2002,R,107.0,Color,USA,English,6.1,50.0,11476.0,125.0,David Gordon Green,234.0,Dominic Flores,1000.0,Zoe Kazan,962.0,Scoot McNairy,660.0,3944.0,0.0,2.0,1.85,http://www.imdb.com/title/tt1018765/?ref_=fn_tt_tt_1
